"id";"uri";"siglaTipo";"numero";"ano";"codTipo";"descricaoTipo";"ementa";"ementaDetalhada";"keywords";"dataApresentacao";"uriOrgaoNumerador";"uriPropAnterior";"uriPropPrincipal";"uriPropPosterior";"urlInteiroTeor";"urnFinal";"ultimoStatus_dataHora";"ultimoStatus_sequencia";"ultimoStatus_uriRelator";"ultimoStatus_idOrgao";"ultimoStatus_siglaOrgao";"ultimoStatus_uriOrgao";"ultimoStatus_regime";"ultimoStatus_descricaoTramitacao";"ultimoStatus_idTipoTramitacao";"ultimoStatus_descricaoSituacao";"ultimoStatus_idSituacao";"ultimoStatus_despacho";"ultimoStatus_url"
"159658";"https://dadosabertos.camara.leg.br/api/v2/proposicoes/159658";"AV";"481";"1969";"495";"Aviso";"RELATORIO ACOMPANHADO DOS BALANÇOS GERAIS DA UNIÃO, RELATIVOS AO EXERCICIO DE 1968 E AS CONTAS DO BANCO NACIONAL DO DESENVOLVIMENTO ECONOMICO, EM OBSERVANCIA AO QUE PRECEITUA O ARTIGO 15, ALINEA ""F"", DA LEI 1628, DE 20 DE JUNHO DE 1952.";"";"SOLICITAÇÃO, CONGRESSO NACIONAL, APRECIAÇÃO, PRESTAÇÃO DE CONTAS, (BNDE).";"1969-11-28T00:00:00";"https://dadosabertos.camara.leg.br/api/v2/orgaos/180";"";"";"";"";"";"1971-05-27T00:00:00";"4";"";"";"";"";"Ordinária (Art. 151, III, RICD)";"Não Informado";"5";"";"";"TRANSFORMADO NO PDC 17/71.";""
"159846";"https://dadosabertos.camara.leg.br/api/v2/proposicoes/159846";"INC";"12";"1969";"133";"Indicação";"SUGERE A COMISSÃO DE LEGISLAÇÃO SOCIAL O REEXAME DO DECRETO-LEI 5452 DE 01 DE MAIO DE 1943, QUE APROVA A CONSOLIDAÇÃO DAS LEIS DO TRABALHO E DAS PROPOSIÇÕES QUE O MODIFICARAM.";"";"SUGESTÃO, COMISSÃO DE LEGISLAÇÃO SOCIAL, REEXAME, DECRETO LEI FEDERAL, APROVAÇÃO, CONSOLIDAÇÃO DAS LEIS DO TRABALHO (CLT), PROPOSIÇÃO, MODIFICAÇÃO, LEGISLAÇÃO TRABALHISTA.";"1969-11-27T00:00:00";"https://dadosabertos.camara.leg.br/api/v2/orgaos/180";"";"";"";"";"";"1971-04-01T00:00:00";"4";"";"";"";"";"Ordinária (Art. 151, III, RICD)";"Não Informado";"5";"";"";"ARQUIVADO NOS TERMOS DO ARTIGO 104 DO REGIMENTO INTERNO. DCN1 02 04 71 PAG 0045 COL 04.";""
"162764";"https://dadosabertos.camara.leg.br/api/v2/proposicoes/162764";"MSC";"53";"1969";"134";"Mensagem";"SUBMETE A DELIBERAÇÃO DO CONGRESSO NACIONAL O TEXTO DO DECRETO-LEI 1069, DE 04 DE NOVEMBRO DE 1969, QUE REVOGA O ARTIGO 18 DO DECRETO-LEI 1063, DE 21 DE OUTUBRO DE 1969, E DA OUTRAS PROVIDENCIAS.";"";"SOLICITAÇÃO, APRECIAÇÃO, CONGRESSO NACIONAL, TEXTO, DECRETO LEI FEDERAL, ALTERAÇÃO, PRAZO, ARGUIÇÃO, INELEGIBILIDADE, CANDIDATO, ELEIÇÃO, PREFEITO, VICE PREFEITO, VEREADOR.";"1969-11-11T00:00:00";"https://dadosabertos.camara.leg.br/api/v2/orgaos/180";"";"";"";"";"";"1969-11-12T00:00:00";"3";"";"";"";"";"Ordinária (Art. 151, III, RICD)";"Não Informado";"5";"";"";"TRANSFORMADO NO PROJETO DE DECRETO LEGISLATIVO 99/69.";""
"165062";"https://dadosabertos.camara.leg.br/api/v2/proposicoes/165062";"OF";"116";"1969";"497";"Ofício Externo";"PRESTAÇÃO DE CONTAS DA PETROBRAS S/A., RELATIVAS AO EXERCICIO DE 1965.";"";"CONTAS DA PETROBRAS S/A. EXERCICIO DE 1965. PETROLEO BRASILEIRO S/A (PETROBRAS).";"1969-03-02T00:00:00";"https://dadosabertos.camara.leg.br/api/v2/orgaos/180";"";"";"";"";"";"1971-10-13T00:00:00";"4";"";"";"";"";"Ordinária (Art. 151, III, RICD)";"Não Informado";"5";"";"";"TRANSFORMADO NO PDC 43/71.";""
"167428";"https://dadosabertos.camara.leg.br/api/v2/proposicoes/167428";"PDC";"99";"1969";"135";"Projeto de Decreto Legislativo";"APROVA O DECRETO-LEI Nº 1069, DE 04 DE NOVEMBRO DE 1969, QUE REVOGA O ARTIGO 18 DO DECRETO-LEI Nº 1063, DE 21 DE OUTUBRO DE 1969, E DA OUTRAS PROVIDENCIAS.";"";"APROVAÇÃO, DECRETO LEI FEDERAL, REVOGAÇÃO, NORMAS, ELEIÇÃO, PREFEITO, VICE PREFEITO, VEREADOR, POSSIBILIDADE, APRESENTAÇÃO, ARGUIÇÃO DE INELEGIBILIDADE, PRAZO DETERMINADO, REDUÇÃO, PRAZO, LEGISLAÇÃO PROCESSUAL.";"1969-11-12T00:00:00";"https://dadosabertos.camara.leg.br/api/v2/orgaos/180";"";"";"";"";"";"1969-11-18T00:00:00";"3";"";"4";"MESA";"https://dadosabertos.camara.leg.br/api/v2/orgaos/4";"Ordinária (Art. 151, III, RICD)";"Transformação em Norma Jurídica";"251";"Transformado em Norma Jurídica";"1140";"TRANSFORMADO NO DECRETO LEGISLATIVO 1/69. DCN1 19 11 69. DOFC 19 11 69. DCN2 19 11 69.";""
"167438";"https://dadosabertos.camara.leg.br/api/v2/proposicoes/167438";"PDC";"100";"1969";"135";"Projeto de Decreto Legislativo";"DENEGA PROVIMENTO A RECURSO DO TRIBUNAL DE CONTAS DA UNIÃO, A FIM DE SER REGISTRADA DESPESA EM FAVOR DE M. DAMASIO - COMERCIO E INDUSTRIA LTDA., PROVENIENTE DE MATERIAL FORNECIDO A SUPERINTENDENCIA DO ENSINO AGRICOLA E VETERINARIO.";"";"DENEGAÇÃO, PROVIMENTO, RECURSO JUDICIAL, TRIBUNAL DE CONTAS DA UNIÃO (TCU), REGISTRO, DESPESA, EMPRESA, COMERCIO, INDUSTRIA, AQUISIÇÃO, MATERIAL, FORNECIMENTO, SUPERINTENDENCIA, ENSINO AGRICOLA, ENSINO VETERINARIO.";"1969-03-30T00:00:00";"https://dadosabertos.camara.leg.br/api/v2/orgaos/180";"";"";"";"";"";"1970-06-28T00:00:00";"9";"";"4";"MESA";"https://dadosabertos.camara.leg.br/api/v2/orgaos/4";"Ordinária (Art. 151, III, RICD)";"Não Informado";"5";"Transformado em Norma Jurídica";"1140";"OF. 143/70, DO SF, COMUNICANDO AUTOGRAFO DESTE PROJETO.
DCN1 27 06 70 PÁG 1970 COL 02.";"http://www.camara.gov.br/proposicoesWeb/prop_mostrarintegra?codteor=713837"
"199127";"https://dadosabertos.camara.leg.br/api/v2/proposicoes/199127";"PL";"2045";"1969";"139";"Projeto de Lei";"ALTERA A REDAÇÃO DO ITEM III, DO ARTIGO 52, DA LEI Nº 4.595, DE 31 DE DEZEMBRO DE 1964, QUE DISPÕE SOBRE A POLITICA E AS INSTITUIÇÕES MONETARIAS, BANCARIAS E CREDITICIAS, CRIA O CONSELHO MONETARIO NACIONAL E DA OUTRAS PROVIDENCIAS.";"";"ALTERAÇÃO, LEI DA REFORMA BANCARIA, APROVEITAMENTO, PESSOAL, PRESTAÇÃO DE SERVIÇO, (CNCR).";"1969-11-11T00:00:00";"https://dadosabertos.camara.leg.br/api/v2/orgaos/180";"";"";"";"";"";"1971-04-01T00:00:00";"4";"";"4";"MESA";"https://dadosabertos.camara.leg.br/api/v2/orgaos/4";"Ordinária (Art. 151, III, RICD)";"Não Informado";"5";"Arquivada";"923";"ARQUIVADO NOS TERMOS DO ARTIGO 104 DO REGIMENTO INTERNO. DCN1 02 04 71 PAG 0042 COL 01.";""
"199139";"https://dadosabertos.camara.leg.br/api/v2/proposicoes/199139";"PL";"2046";"1969";"139";"Projeto de Lei";"REGULAMENTA A COLABORAÇÃO DE NATUREZA EVENTUAL A ADMINISTRAÇÃO PUBLICA FEDERAL, A QUE SE REFERE O ARTIGO 111 DO DECRETO-LEI Nº 200, DE 25 DE FEVEREIRO DE 1967 (REFORMA ADMINISTRATIVA).";"";"REGULAMENTAÇÃO, COLABORAÇÃO, EVENTUALIDADE, ADMINISTRAÇÃO PUBLICA, REFORMA ADMINISTRATIVA.";"1969-11-11T00:00:00";"https://dadosabertos.camara.leg.br/api/v2/orgaos/180";"";"";"";"";"";"1972-04-20T00:00:00";"4";"";"4";"MESA";"https://dadosabertos.camara.leg.br/api/v2/orgaos/4";"Ordinária (Art. 151, III, RICD)";"Não Informado";"5";"Arquivada";"923";"DESPACHO AO ARQUIVO (REJEITADO). DCN1 21 04 72 PAG 0437 COL 03.";""
"199151";"https://dadosabertos.camara.leg.br/api/v2/proposicoes/199151";"PL";"2047";"1969";"139";"Projeto de Lei";"MODIFICA A LEI 5527, DE 18 DE JANEIRO DE 1967, QUE DISPÕE SOBRE A POLITICA ECONOMICA DA BORRACHA, REGULA SUA EXECUÇÃO E DA OUTRAS PROVIDENCIAS.";"";"ALTERAÇÃO, LEI FEDERAL, NORMAS, POLITICA, ECONOMIA, BORRACHA, REGULAMENTAÇÃO, INCENTIVO, PRODUÇÃO.";"1969-11-10T00:00:00";"https://dadosabertos.camara.leg.br/api/v2/orgaos/180";"";"";"";"";"";"1969-11-10T00:00:00";"4";"";"4";"MESA";"https://dadosabertos.camara.leg.br/api/v2/orgaos/4";"Ordinária (Art. 151, III, RICD)";"Não Informado";"5";"Arquivada";"923";"ARQUIVADO NOS TERMOS DO ARTIGO 104 DO REGIMENTO INTERNO.";""
"199162";"https://dadosabertos.camara.leg.br/api/v2/proposicoes/199162";"PL";"2048";"1969";"139";"Projeto de Lei";"DISPÕE SOBRE RETIFICAÇÕES NAS DECLARAÇÕES DE BENS, SEM APLICAÇÃO DE MULTAS E PENALIDADES.";"";"NORMAS, RETIFICAÇÃO, DECLARAÇÃO DE BENS, INEXISTENCIA, APLICAÇÃO, MULTA, PENALIDADE.";"1969-11-11T00:00:00";"https://dadosabertos.camara.leg.br/api/v2/orgaos/180";"";"";"";"";"";"1971-04-01T00:00:00";"4";"";"4";"MESA";"https://dadosabertos.camara.leg.br/api/v2/orgaos/4";"Ordinária (Art. 151, III, RICD)";"Não Informado";"5";"Arquivada";"923";"ARQUIVADO NOS TERMOS DO ARTIGO 104 DO REGIMENTO INTERNO. DCN1 02 04 71 PAG 0042 COL 01.";""
"199174";"https://dadosabertos.camara.leg.br/api/v2/proposicoes/199174";"PL";"2049";"1969";"139";"Projeto de Lei";"DISPÕE SOBRE A APLICAÇÃO DE RECURSOS NÃO SUJEITOS A INVESTIGAÇÃO QUANTO A SUA ORIGEM.";"";"NORMAS, APLICAÇÃO DE RECURSOS, INEXISTENCIA, SUJEIÇÃO, INVESTIGAÇÃO, ORIGEM.";"1969-11-11T00:00:00";"https://dadosabertos.camara.leg.br/api/v2/orgaos/180";"";"";"";"";"";"1971-04-01T00:00:00";"4";"";"4";"MESA";"https://dadosabertos.camara.leg.br/api/v2/orgaos/4";"Ordinária (Art. 151, III, RICD)";"Não Informado";"5";"Arquivada";"923";"ARQUIVADO NOS TERMOS DO ARTIGO 104 DO REGIMENTO INTERNO. DCN1 02 04 71 PAG 0042 COL 01.";""
"199186";"https://dadosabertos.camara.leg.br/api/v2/proposicoes/199186";"PL";"2050";"1969";"139";"Projeto de Lei";"ACRESCENTA ARTIGO AO CODIGO ELEITORAL, PERMITINDO AO ELEITOR INSCRITO NO DISTRITO FEDERAL VOTAR EM QUALQUER CIDADE DO BRASIL, NAS ELEIÇÕES DE AMBITO MUNICIPAL, ESTADUAL OU NACIONAL.";"";"ALTERAÇÃO, CODIGO ELEITORAL, PERMISSÃO, ELEITOR, INSCRIÇÃO, DISTRITO FEDERAL, VOTAÇÃO, MUNICIPIOS, ELEIÇÃO, AMBITO NACIONAL, ESTADO (ENTE FEDERADO), MUNICIPIO.";"1969-11-11T00:00:00";"https://dadosabertos.camara.leg.br/api/v2/orgaos/180";"";"";"";"";"";"1971-04-01T00:00:00";"4";"";"4";"MESA";"https://dadosabertos.camara.leg.br/api/v2/orgaos/4";"Ordinária (Art. 151, III, RICD)";"Não Informado";"5";"Arquivada";"923";"ARQUIVADO NOS TERMOS DO ARTIGO 104 DO REGIMENTO INTERNO. DCN1 02 04 71 PAG 0042 COL 01.";""
"199197";"https://dadosabertos.camara.leg.br/api/v2/proposicoes/199197";"PL";"2051";"1969";"139";"Projeto de Lei";"DISPÕE SOBRE A LICENÇA ESPECIAL DE QUE TRATA A LEI Nº 1.711, DE 28 DE OUTUBRO DE 1952 (ESTATUTO DOS FUNCIONARIOS PUBLICOS CIVIS DA UNIÃO).";"";"NORMAS, LICENÇA ESPECIAL, ESTATUTO DOS FUNCIONARIOS PUBLICOS, UNIÃO FEDERAL, CONVERSÃO, LICENÇA PREMIO, VANTAGENS PECUNIARIAS.";"1969-11-11T00:00:00";"https://dadosabertos.camara.leg.br/api/v2/orgaos/180";"";"";"";"";"";"1971-04-01T00:00:00";"4";"";"4";"MESA";"https://dadosabertos.camara.leg.br/api/v2/orgaos/4";"Ordinária (Art. 151, III, RICD)";"Não Informado";"5";"Arquivada";"923";"ARQUIVADO NOS TERMOS DO ARTIGO 104 DO REGIMENTO INTERNO. DCN1 02 04 71 PAG 0042 COL 01.";""
"199208";"https://dadosabertos.camara.leg.br/api/v2/proposicoes/199208";"PL";"2052";"1969";"139";"Projeto de Lei";"DISPÕE SOBRE A PROFISSÃO DE FOTOGRAFO E DA OUTRAS PROVIDENCIAS.";"";"NORMAS, PROFISSÃO, FOTOGRAFO.";"1969-11-11T00:00:00";"https://dadosabertos.camara.leg.br/api/v2/orgaos/180";"";"";"";"";"";"1973-05-29T00:00:00";"11";"";"4";"MESA";"https://dadosabertos.camara.leg.br/api/v2/orgaos/4";"Ordinária (Art. 151, III, RICD)";"Não Informado";"5";"Arquivada";"923";"ARQUIVADO NOS TERMOS DO ARTIGO 292 DO REGIMENTO INTERNO. DCN1 30 05 73 PAG 1911 COL 02.";""
"199219";"https://dadosabertos.camara.leg.br/api/v2/proposicoes/199219";"PL";"2053";"1969";"139";"Projeto de Lei";"FACULTA AOS ESTABELECIMENTOS DE ENSINO DE NIVEL MEDIO A INCLUSÃO DA CADEIRA DE DIREITOS HUMANOS COMO MATERIA CURRICULAR E DA OUTRAS PROVIDENCIAS.";"";"NORMAS, FACULTATIVIDADE, ESTABELECIMENTO DE ENSINO, ENSINO MEDIO, INCLUSÃO, DISCIPLINA ESCOLAR, DIREITOS HUMANOS, CURRICULO.";"1969-11-11T00:00:00";"https://dadosabertos.camara.leg.br/api/v2/orgaos/180";"";"";"";"";"";"1971-04-01T00:00:00";"4";"";"4";"MESA";"https://dadosabertos.camara.leg.br/api/v2/orgaos/4";"Ordinária (Art. 151, III, RICD)";"Não Informado";"5";"Arquivada";"923";"ARQUIVADO NOS TERMOS DO ARTIGO 104 DO REGIMENTO INTERNO. DCN1 02 04 71 PAG 0042 COL 01.";""
"199230";"https://dadosabertos.camara.leg.br/api/v2/proposicoes/199230";"PL";"2054";"1969";"139";"Projeto de Lei";"DISPÕE SOBRE A CONCESSÃO DE INCENTIVOS A ALFABETIZAÇÃO E DA OUTRAS PROVIDENCIAS.";"";"NORMAS, CONCESSÃO, INCENTIVO, ALFABETIZAÇÃO.";"1969-11-11T00:00:00";"https://dadosabertos.camara.leg.br/api/v2/orgaos/180";"";"";"";"";"";"1971-04-01T00:00:00";"4";"";"4";"MESA";"https://dadosabertos.camara.leg.br/api/v2/orgaos/4";"Ordinária (Art. 151, III, RICD)";"Não Informado";"5";"Arquivada";"923";"ARQUIVADO NOS TERMOS DO ARTIGO 104 DO REGIMENTO INTERNO. DCN1 02 04 71 PAG 0042 COL 01.";""
"199242";"https://dadosabertos.camara.leg.br/api/v2/proposicoes/199242";"PL";"2055";"1969";"139";"Projeto de Lei";"TORNA OBRIGATORIA A ELABORAÇÃO E DISTRIBUIÇÃO DE APOSTILAS, SOBRE AS MATERIAS VERSADAS EM CURSOS DE NIVEL UNIVERSITARIO, QUE CONSTEM DE LIVROS DIDATICOS IMPORTADOS.";"";"NORMAS, OBRIGATORIEDADE, ELABORAÇÃO, DISTRIBUIÇÃO, APOSTILAMENTO, MATERIA, CURSO SUPERIOR, LIVRO DIDATICO, PRODUTO IMPORTADO.";"1969-11-10T00:00:00";"https://dadosabertos.camara.leg.br/api/v2/orgaos/180";"";"";"";"";"";"1971-04-19T00:00:00";"4";"";"4";"MESA";"https://dadosabertos.camara.leg.br/api/v2/orgaos/4";"Ordinária (Art. 151, III, RICD)";"Não Informado";"5";"Arquivada";"923";"DESPACHO AO ARQUIVO (REJEITADO). DCN1 20 04 71 PAG 0244 COL 03.";""
"199253";"https://dadosabertos.camara.leg.br/api/v2/proposicoes/199253";"PL";"2056";"1969";"139";"Projeto de Lei";"DA NOVA REDAÇÃO AO PARAGRAFO TERCEIRO DO ARTIGO 30, DA LEI Nº 3.807, DE 26 DE AGOSTO DE 1960 (LEI ORGANICA DA PREVIDENCIA SOCIAL).";"";"ALTERAÇÃO, LEGISLAÇÃO PREVIDENCIARIA, LEI ORGANICA DA PREVIDENCIA SOCIAL, REQUERIMENTO, APOSENTADORIA POR VELHICE, OBRIGATORIEDADE, EMPRESA.";"1969-11-10T00:00:00";"https://dadosabertos.camara.leg.br/api/v2/orgaos/180";"";"";"";"";"";"1971-04-01T00:00:00";"4";"";"4";"MESA";"https://dadosabertos.camara.leg.br/api/v2/orgaos/4";"Ordinária (Art. 151, III, RICD)";"Não Informado";"5";"Arquivada";"923";"ARQUIVADO NOS TERMOS DO ARTIGO 104 DO REGIMENTO INTERNO. DCN1 02 04 71 PAG 0042 COL 01.";""
"199265";"https://dadosabertos.camara.leg.br/api/v2/proposicoes/199265";"PL";"2057";"1969";"139";"Projeto de Lei";"ALTERA A DENOMINAÇÃO DOS CONSELHOS DE ECONOMISTAS PROFISSIONAIS, ATUALIZA OS VALORES DE REGISTRO E DAS MULTAS, E DA OUTRAS PROVIDENCIAS.";"";"ALTERAÇÃO, DENOMINAÇÃO, CONSELHO DE CLASSE, ATIVIDADE PROFISSIONAL, ECONOMISTA, ATUALIZAÇÃO, VALOR, REGISTRO, MULTA.";"1969-11-10T00:00:00";"https://dadosabertos.camara.leg.br/api/v2/orgaos/180";"";"";"";"";"";"1975-05-23T00:00:00";"26";"";"4";"MESA";"https://dadosabertos.camara.leg.br/api/v2/orgaos/4";"Ordinária (Art. 151, III, RICD)";"Não Informado";"5";"Arquivada";"923";"ARQUIVADO NOS TERMOS DO ARTIGO 204 DO REGIMENTO INTERNO. DCN1 23 05 75 PAG 3164 COL 01.";""
"199275";"https://dadosabertos.camara.leg.br/api/v2/proposicoes/199275";"PL";"2058";"1969";"139";"Projeto de Lei";"ESTABELECE DIRETRIZES PARA CONCESSÃO DE LICENÇA PARA SERVIÇO DE TRANSPORTE COLETIVO DE PASSAGEIROS EM RODOVIAS DA UNIÃO.";"";"NORMAS, CONCESSÃO, LICENÇA, SERVIÇO, TRANSPORTE COLETIVO, PASSAGEIRO, RODOVIA, UNIÃO FEDERAL.";"1969-10-29T00:00:00";"https://dadosabertos.camara.leg.br/api/v2/orgaos/180";"";"";"";"";"";"1973-10-17T00:00:00";"11";"";"4";"MESA";"https://dadosabertos.camara.leg.br/api/v2/orgaos/4";"Ordinária (Art. 151, III, RICD)";"Não Informado";"5";"Arquivada";"923";"ARQUIVADO, NOS TERMOS DO ARTIGO 118 DO REGIMENTO INTERNO. DCN1 18 10 73 PAG 7387 COL 03.";""
"199286";"https://dadosabertos.camara.leg.br/api/v2/proposicoes/199286";"PL";"2059";"1969";"139";"Projeto de Lei";"AUTORIZA AS SANTAS CASAS DE MISERICORDIA E HOSPITAIS FILANTROPICOS A INSTITUIREM SISTEMA DE PRE-PAGAMENTO.";"";"AUTORIZAÇÃO, SANTA CASA DE MISERICORDIA, HOSPITAL, OBRA FILANTROPICA, CRIAÇÃO, SISTEMA, PAGAMENTO.";"1969-11-12T00:00:00";"https://dadosabertos.camara.leg.br/api/v2/orgaos/180";"";"";"";"";"";"1973-09-06T00:00:00";"42";"";"4";"MESA";"https://dadosabertos.camara.leg.br/api/v2/orgaos/4";"Ordinária (Art. 151, III, RICD)";"Não Informado";"5";"Arquivada";"923";"DESPACHO AO ARQUIVO (REJEITADO). DCN1 07 09 73 PAG 5373 COL 01.";""
"199298";"https://dadosabertos.camara.leg.br/api/v2/proposicoes/199298";"PL";"2060";"1969";"139";"Projeto de Lei";"ACRESCENTA PARAGRAFO AO ARTIGO PRIMEIRO DA LEI Nº 3.207, DE 18 DE JULHO DE 1957, QUE ""REGULAMENTA AS ATIVIDADES DOS EMPREGADOS VENDEDORES, VIAJANTES OU PRACISTAS"", PARA EFEITO DE ENQUADRAMENTO SINDICAL.";"";"ALTERAÇÃO, LEI FEDERAL, REGULAMENTAÇÃO, ATIVIDADE, EMPREGADO, VENDEDOR, VIAJANTE PRACISTA.";"1969-11-10T00:00:00";"https://dadosabertos.camara.leg.br/api/v2/orgaos/180";"";"";"";"";"";"1974-08-09T00:00:00";"21";"";"4";"MESA";"https://dadosabertos.camara.leg.br/api/v2/orgaos/4";"Ordinária (Art. 151, III, RICD)";"Não Informado";"5";"Arquivada";"923";"DESPACHO AO ARQUIVO (REJEITADO). DCN1 10 08 74 PAG 5919 COL 02.";""
"199309";"https://dadosabertos.camara.leg.br/api/v2/proposicoes/199309";"PL";"2061";"1969";"139";"Projeto de Lei";"ACRESCENTA PARAGRAFO AS LEIS NºS 4.504, DE 30 DE NOVEMBRO DE 1964, ESTATUTO DA TERRA E 4.947, DE 06 DE ABRIL DE 1966, QUE FIXA NORMAS DE DIREITO AGRARIO, DISPÕE SOBRE O SISTEMA DE ORGANIZAÇÃO E FUNCIONAMENTO DO INSTITUTO BRASILEIRO DE REFORMA AGRARIA, E DA OUTRAS PROVIDENCIAS.";"";"ALTERAÇÃO, ESTATUTO DA TERRA, ORGANIZAÇÃO, FUNCIONAMENTO, (IBRA), INCLUSÃO, DISPOSITIVOS.";"1969-11-12T00:00:00";"https://dadosabertos.camara.leg.br/api/v2/orgaos/180";"";"";"";"";"";"1972-04-18T00:00:00";"4";"";"4";"MESA";"https://dadosabertos.camara.leg.br/api/v2/orgaos/4";"Ordinária (Art. 151, III, RICD)";"Não Informado";"5";"Arquivada";"923";"DESPACHO AO ARQUIVO (REJEITADO). DCN1 19 04 72 PAG 0360 COL 04.";""
"199321";"https://dadosabertos.camara.leg.br/api/v2/proposicoes/199321";"PL";"2062";"1969";"139";"Projeto de Lei";"MODIFICA A REDAÇÃO DO PARAGRAFO TERCEIRO DO ARTIGO 511 E ACRESCENTA PARAGRAFO AO ARTIGO 571, DA CONSOLIDAÇÃO DAS LEIS DO TRABALHO, APROVADO PELO DECRETO-LEI Nº 5.452, DE 01 DE MAIO DE 1943.";"CATEGORIA PROFISSIONAL DIFERENCIADA, FUNÇÕES DIFERENCIADAS EM VIRTUDE DE ESTATUTO PROFISSIONAL ESPECIFICO.";"ALTERAÇÃO, LEGISLAÇÃO TRABALHISTA, CONSOLIDAÇÃO DAS LEIS DO TRABALHO (CLT), CATEGORIA PROFISSIONAL DIFERENCIADA, DEFINIÇÃO, ESTATUTO, PROFISSÃO.";"1969-11-10T00:00:00";"https://dadosabertos.camara.leg.br/api/v2/orgaos/180";"";"";"";"";"";"1972-06-19T00:00:00";"4";"";"4";"MESA";"https://dadosabertos.camara.leg.br/api/v2/orgaos/4";"Ordinária (Art. 151, III, RICD)";"Não Informado";"5";"Arquivada";"923";"ARQUIVADO NOS TERMOS DO ARTIGO 279 DO REGIMENTO INTERNO DO SF. DCN2 20 06 72 PAG 1547 COL 02.";""
"199333";"https://dadosabertos.camara.leg.br/api/v2/proposicoes/199333";"PL";"2063";"1969";"139";"Projeto de Lei";"PROIBE A VENDA DE BEBIDAS ALCOOLICAS AOS MOTORISTAS PROFISSIONAIS E DA OUTRAS PROVIDENCIAS.";"";"PROIBIÇÃO, VENDA, BEBIDA ALCOOLICA, MOTORISTA PROFISSIONAL.";"1969-11-12T00:00:00";"https://dadosabertos.camara.leg.br/api/v2/orgaos/180";"";"";"";"";"";"1970-09-04T00:00:00";"4";"";"4";"MESA";"https://dadosabertos.camara.leg.br/api/v2/orgaos/4";"Ordinária (Art. 151, III, RICD)";"Não Informado";"5";"Arquivada";"923";"DESPACHO AO ARQUIVO (REJEITADO). DCN1 05 09 70 PAG 4459 COL 02.";""
"199344";"https://dadosabertos.camara.leg.br/api/v2/proposicoes/199344";"PL";"2064";"1969";"139";"Projeto de Lei";"DA A DENOMINAÇÃO DE ""VIA DOM BOSCO"" A BR-030 DO PLANO NACIONAL DE VIAÇÃO.";"";"DENOMINAÇÃO, RODOVIA, (PNV).";"1969-11-12T00:00:00";"https://dadosabertos.camara.leg.br/api/v2/orgaos/180";"";"";"";"";"";"1970-08-30T00:00:00";"4";"";"4";"MESA";"https://dadosabertos.camara.leg.br/api/v2/orgaos/4";"Ordinária (Art. 151, III, RICD)";"Transformação em Norma Jurídica";"251";"Transformado em Norma Jurídica";"1140";"TRANSFORMADO NA LEI 5603/70. DOFC 01 09 70.";""
"199356";"https://dadosabertos.camara.leg.br/api/v2/proposicoes/199356";"PL";"2065";"1969";"139";"Projeto de Lei";"AUTORIZA O USO DE APELIDOS E DA OUTRAS PROVIDENCIAS.";"";"AUTORIZAÇÃO, UTILIZAÇÃO, APELIDO.";"1969-11-10T00:00:00";"https://dadosabertos.camara.leg.br/api/v2/orgaos/180";"";"";"";"";"";"1971-07-30T00:00:00";"4";"";"4";"MESA";"https://dadosabertos.camara.leg.br/api/v2/orgaos/4";"Ordinária (Art. 151, III, RICD)";"Não Informado";"5";"Arquivada";"923";"DESPACHO AO ARQUIVO (REJEITADO). DCN1 31 07 71 PAG 3492 COL 02. ERRATA: DC1S 26 11 71 PAG 0051 COL 02 E 03.";""
"199367";"https://dadosabertos.camara.leg.br/api/v2/proposicoes/199367";"PL";"2066";"1969";"139";"Projeto de Lei";"ESTENDE AOS OCUPANTES INTERINOS DE CARGOS DE TESOURARIA, AMPARADOS PELO ARTIGO 50 DA LEI Nº 4.242, DE 17 DE JULHO DE 1963, O DISPOSTO NO ARTIGO PRIMEIRO DO DECRETO-LEI Nº 146, DE 03 DE FEVEREIRO DE 1967.";"ENQUADRAMENTO).";"Extensão, benefício, Lei Federal, efetivação,  ocupante, cargo, interino, tesoureiro.";"1969-11-07T00:00:00";"https://dadosabertos.camara.leg.br/api/v2/orgaos/180";"";"";"";"";"";"1970-05-26T00:00:00";"21";"";"4";"MESA";"https://dadosabertos.camara.leg.br/api/v2/orgaos/4";"Ordinária (Art. 151, III, RICD)";"Não Informado";"5";"Transformado em Norma Jurídica";"1140";"OFÍCIO Nº 78/70 DO SENADO FEDERAL ENCAMINHANDO AUTÓGRAFO SANCIONADO.
DCN1 27 05 70 PAG 1752 COL 02.";"http://www.camara.gov.br/proposicoesWeb/prop_mostrarintegra?codteor=1421228"
"199379";"https://dadosabertos.camara.leg.br/api/v2/proposicoes/199379";"PL";"2067";"1969";"139";"Projeto de Lei";"DA NOVA REDAÇÃO AO ARTIGO 92 DA LEI Nº 4.737, DE 15 DE JULHO DE 1965 (CODIGO ELEITORAL), ALTERADO PELA LEI Nº 5.453, DE 14 DE JULHO DE 1968 (LEI DAS SUBLEGENDAS) ESTABELECENDO O NÚMERO DE CANDIDATOS QUE CADA PARTIDO PODERA REGISTRAR, EM ELEIÇÕES PROPORCIONAIS.";"";"ALTERAÇÃO, CODIGO ELEITORAL, SUB LEGENDA, FIXAÇÃO, NUMERO, CANDIDATO, PARTIDO POLITICO, EFEITO, REGISTRO, ELEIÇÃO.";"1969-11-12T00:00:00";"https://dadosabertos.camara.leg.br/api/v2/orgaos/180";"";"";"";"";"";"1970-07-16T00:00:00";"4";"";"4";"MESA";"https://dadosabertos.camara.leg.br/api/v2/orgaos/4";"Ordinária (Art. 151, III, RICD)";"Não Informado";"5";"Arquivada";"923";"ARQUIVADO NOS TERMOS DO ARTIGO 58 PARAGRAFO SEGUNDO DA CONSTITUIÇÃO FEDERAL E ARTIGOS 182 E 197 DO REGIMENTO INTERNO. DCN1 17 07 70 PAG 3174 COL 01.";""
"199390";"https://dadosabertos.camara.leg.br/api/v2/proposicoes/199390";"PL";"2068";"1969";"139";"Projeto de Lei";"DA NOVA REDAÇÃO A DISPOSITIVO DA LEI Nº 5.357, DE 17 DE NOVEMBRO DE 1967, QUE ""ESTABELECE PENALIDADES PARA EMBARCAÇÕES E TERMINAIS MARITIMAS OU FLUVIAIS QUE LANÇAREM DETRITOS OU OLEO EM AGUAS BRASILEIRAS"", E DA OUTRAS PROVIDENCIAS.";"";"ALTERAÇÃO, LEI FEDERAL, PENALIDADE, EMBARCAÇÃO, TERMINAL MARITIMO, TERMINAL FLUVIAL, LANÇAMENTO, DETRITO, OLEO, AGUA, TERRITORIO NACIONAL.";"1969-11-12T00:00:00";"https://dadosabertos.camara.leg.br/api/v2/orgaos/180";"";"";"";"";"";"1975-03-07T00:00:00";"11";"";"4";"MESA";"https://dadosabertos.camara.leg.br/api/v2/orgaos/4";"Ordinária (Art. 151, III, RICD)";"Não Informado";"5";"Arquivada";"923";"ARQUIVADO NOS TERMOS DO ARTIGO 292 DO REGIMENTO INTERNO. DC1S 08 03 75 PAG 0023 COL 02.";""
"199402";"https://dadosabertos.camara.leg.br/api/v2/proposicoes/199402";"PL";"2069";"1969";"139";"Projeto de Lei";"DISPÕE SOBRE AS HONRAS E PRERROGATIVAS DO CHEFE DO ESTADO-MAIOR DAS FORÇAS ARMADAS.";"MINISTRO DE ESTADO).";"NORMAS, PRERROGATIVA, HONRA, CHEFE, (EMFA), MINISTRO DE ESTADO.";"1969-11-11T00:00:00";"https://dadosabertos.camara.leg.br/api/v2/orgaos/180";"";"";"";"";"";"1970-07-20T00:00:00";"29";"";"4";"MESA";"https://dadosabertos.camara.leg.br/api/v2/orgaos/4";"Ordinária (Art. 151, III, RICD)";"Não Informado";"5";"Transformado em Norma Jurídica";"1140";"OF. 477/70 AO SF ENCAMINHANDO AUTÓGRAFO SANCIONADO DO PROJETO.";""
"199413";"https://dadosabertos.camara.leg.br/api/v2/proposicoes/199413";"PL";"2070";"1969";"139";"Projeto de Lei";"DISPÕE SOBRE A ADAPTAÇÃO DOS TRIBUNAIS DE CONTAS AO DISPOSTO NO ARTIGO 13, IX E ARTIGO 200, AMBOS DA CONSTITUIÇÃO DA REPUBLICA FEDERATIVA DO BRASIL.";"";"NORMAS, ADAPTAÇÃO, TRIBUNAL DE CONTAS.";"1969-11-17T00:00:00";"https://dadosabertos.camara.leg.br/api/v2/orgaos/180";"";"";"";"";"";"1970-04-02T00:00:00";"2";"";"4";"MESA";"https://dadosabertos.camara.leg.br/api/v2/orgaos/4";"Ordinária (Art. 151, III, RICD)";"Não Informado";"5";"Transformado em Norma Jurídica";"1140";"OF. 37/70 DO SF ENCAMINHANDO AUTÓGRAFO SANCIONADO.";""
"199425";"https://dadosabertos.camara.leg.br/api/v2/proposicoes/199425";"PL";"2071";"1969";"139";"Projeto de Lei";"ALTERA O ARTIGO 407 DO DECRETO-LEI Nº 1.004, DE 21 DE OUTUBRO DE 1969, QUE DISPÕE SOBRE O CODIGO PENAL.";"PRORROGA O INICIO DA VIGENCIA DO DECRETO-LEI 1004 PARA PRIMEIRO DE AGOSTO DE 1970).";"ALTERAÇÃO, CODIGO PENAL, PRORROGAÇÃO, VIGENCIA, DECRETO LEI FEDERAL.";"1969-11-21T00:00:00";"https://dadosabertos.camara.leg.br/api/v2/orgaos/180";"";"";"";"";"";"1970-04-02T00:00:00";"15";"";"4";"MESA";"https://dadosabertos.camara.leg.br/api/v2/orgaos/4";"Ordinária (Art. 151, III, RICD)";"Não Informado";"5";"Transformado em Norma Jurídica";"1140";"OF. 39/70 DO SF ENCAMINHANDO AUTÓGRAFO SANCIONADO.";""
"199436";"https://dadosabertos.camara.leg.br/api/v2/proposicoes/199436";"PL";"2072";"1969";"139";"Projeto de Lei";"ASSEGURA AOS PROFESSORES DE FRANCES E INGLES, FORMADOS POR UNIVERSIDADES ESTRANGEIRAS, O EXERCICIO DO MAGISTERIO DESSAS DISCIPLINAS POR ESTABELECIMENTOS DE ENSINO MEDIO DO PAIS, E DA OUTRAS PROVIDENCIAS.";"";"DIREITOS, PROFESSOR, LINGUA FRANCESA, LINGUA INGLESA, FORMAÇÃO PROFISSIONAL, UNIVERSIDADE, PAIS ESTRANGEIRO, EXERCICIO, MAGISTERIO, ESTABELECIMENTO DE ENSINO, TERRITORIO NACIONAL.";"1969-11-27T00:00:00";"https://dadosabertos.camara.leg.br/api/v2/orgaos/180";"";"";"";"";"";"1975-09-11T00:00:00";"45";"";"4";"MESA";"https://dadosabertos.camara.leg.br/api/v2/orgaos/4";"Ordinária (Art. 151, III, RICD)";"Não Informado";"5";"Arquivada";"923";"ARQUIVADO NOS TERMOS DO ARTIGO 278 DO REGIMENTO INTERNO DO SF.";""
"199447";"https://dadosabertos.camara.leg.br/api/v2/proposicoes/199447";"PL";"2073";"1969";"139";"Projeto de Lei";"ESTABELECE A OBRIGATORIEDADE DE PRATICAS RURAIS NO ENSINO PRIMARIO E NO PRIMEIRO CICLO DO ENSINO MEDIO E DA OUTRAS PROVIDENCIAS.";"";"NORMAS, OBRIGATORIEDADE, ATIVIDADE RURAL, ESTUDANTE, ENSINO PRIMARIO, PRIMEIRO GRAU, ENSINO MEDIO.";"1969-11-27T00:00:00";"https://dadosabertos.camara.leg.br/api/v2/orgaos/180";"";"";"";"";"";"1971-07-22T00:00:00";"4";"";"4";"MESA";"https://dadosabertos.camara.leg.br/api/v2/orgaos/4";"Ordinária (Art. 151, III, RICD)";"Não Informado";"5";"Arquivada";"923";"ARQUIVADO NOS TERMOS DO ARTIGO 58 PARAGRAFO SEGUNDO DA CONSTITUIÇÃO FEDERAL E ARTIGOS 182 E 197 DO REGIMENTO INTERNO. DCN1 23 07 71.";""
"199459";"https://dadosabertos.camara.leg.br/api/v2/proposicoes/199459";"PL";"2074";"1969";"139";"Projeto de Lei";"TRATA DO ACOMPANHAMENTO, CONTROLE E FISCALIZAÇÃO DA EXECUÇÃO DOS ORÇAMENTOS PUBLICOS, E DA OUTRAS PROVIDENCIAS.";"";"NORMAS, ACOMPANHAMENTO, CONTROLE, FISCALIZAÇÃO, EXECUÇÃO, ORÇAMENTO.";"1969-11-27T00:00:00";"https://dadosabertos.camara.leg.br/api/v2/orgaos/180";"";"";"";"";"";"1971-04-01T00:00:00";"4";"";"4";"MESA";"https://dadosabertos.camara.leg.br/api/v2/orgaos/4";"Ordinária (Art. 151, III, RICD)";"Não Informado";"5";"Arquivada";"923";"ARQUIVADO NOS TERMOS DO ARTIGO 104 DO REGIMENTO INTERNO. DCN1 02 04 71 PAG 0042 COL 01.";""
"199471";"https://dadosabertos.camara.leg.br/api/v2/proposicoes/199471";"PL";"2075";"1969";"139";"Projeto de Lei";"ALTERA O ARTIGO PRIMEIRO DA LEI Nº 2.514, DE 27 DE JUNHO DE 1955, QUE DISPÕE SOBRE BEM DA FAMILIA.";"ATUALIZAÇÃO DO VALOR DE BEM DE FAMILIA).";"ALTERAÇÃO, LEI FEDERAL, ATUALIZAÇÃO, VALOR, BENS DE FAMILIA.";"1969-11-27T00:00:00";"https://dadosabertos.camara.leg.br/api/v2/orgaos/180";"";"";"";"";"";"1971-05-12T00:00:00";"16";"";"4";"MESA";"https://dadosabertos.camara.leg.br/api/v2/orgaos/4";"Ordinária (Art. 151, III, RICD)";"Não Informado";"5";"Transformado em Norma Jurídica";"1140";"OF. 103/71 DO SF ENCAMINHANDO AUTÓGRAFO SANCIONADO DO PROJETO.";""
"199483";"https://dadosabertos.camara.leg.br/api/v2/proposicoes/199483";"PL";"2076";"1969";"139";"Projeto de Lei";"CRIA INCENTIVOS FISCAIS PARA INVESTIMENTOS EDUCACIONAIS RURAIS E DA OUTRAS PROVIDENCIAS.";"";"CRIAÇÃO, INCENTIVO FISCAL, INVESTIMENTO, EDUCAÇÃO, ATIVIDADE RURAL.";"1969-11-27T00:00:00";"https://dadosabertos.camara.leg.br/api/v2/orgaos/180";"";"";"";"";"";"1970-09-23T00:00:00";"4";"";"4";"MESA";"https://dadosabertos.camara.leg.br/api/v2/orgaos/4";"Ordinária (Art. 151, III, RICD)";"Não Informado";"5";"Arquivada";"923";"DESPACHO AO ARQUIVO (REJEITADO). DCN1 24 09 70 PAG 4811 COL 03.";""
"199494";"https://dadosabertos.camara.leg.br/api/v2/proposicoes/199494";"PL";"2077";"1969";"139";"Projeto de Lei";"ALTERA O DISPOSTO NOS ARTIGOS 464 E 465, DO DECRETO-LEI Nº 5.452, DE 01 DE MAIO DE 1943 (CONSOLIDAÇÃO DAS LEIS DO TRABALHO).";"";"ALTERAÇÃO, LEGISLAÇÃO TRABALHISTA, CONSOLIDAÇÃO DAS LEIS DO TRABALHO (CLT), PAGAMENTO, SALARIO, BANCOS.";"1969-11-27T00:00:00";"https://dadosabertos.camara.leg.br/api/v2/orgaos/180";"";"";"";"";"";"1970-09-02T00:00:00";"4";"";"4";"MESA";"https://dadosabertos.camara.leg.br/api/v2/orgaos/4";"Ordinária (Art. 151, III, RICD)";"Não Informado";"5";"Arquivada";"923";"ARQUIVADO NOS TERMOS DO ARTIGO 58 PARAGRAFO SEGUNDO DA CONSTITUIÇÃO FEDERAL E ARTIGOS 182 E 197 DO REGIMENTO INTERNO. DCN1 03 09 70 PAG 4357 COL 03.";""
"199504";"https://dadosabertos.camara.leg.br/api/v2/proposicoes/199504";"PL";"2078";"1969";"139";"Projeto de Lei";"ALTERA O ARTIGO 593 DO DECRETO-LEI Nº 3.689, DE 03 DE OUTUBRO DE 1941 (CODIGO DE PROCESSO PENAL).";"";"ALTERAÇÃO, CODIGO PENAL, APELAÇÃO, TRIBUNAL DE JURI.";"1969-11-25T00:00:00";"https://dadosabertos.camara.leg.br/api/v2/orgaos/180";"";"";"";"";"";"1977-11-23T00:00:00";"17";"";"4";"MESA";"https://dadosabertos.camara.leg.br/api/v2/orgaos/4";"Ordinária (Art. 151, III, RICD)";"Não Informado";"5";"Arquivada";"923";"ARQUIVADO NOS TERMOS DO ARTIGO 117 DO REGIMENTO INTERNO. DCN1 24 11 77 PAG 12016 COL 02.";""
"199516";"https://dadosabertos.camara.leg.br/api/v2/proposicoes/199516";"PL";"2079";"1969";"139";"Projeto de Lei";"RETIFICA, SEM ONUS, A LEI Nº 5.546, DE 29 DE NOVEMBRO DE 1968, QUE ESTIMA A RECEITA E FIXA A DESPESA DA UNIÃO PARA O EXERCICIO DE 1969.";"BAHIA - COLEGIO N.S. AUXILIADORA - ASSOCIAÇÃO DE PROTEÇÃO A MATERNIDADE E MINISTERIO DA EDUCAÇÃO - A INFANCIA - HOSPITAL MATERNIDADE DONA LILI).";"ALTERAÇÃO, LEI FEDERAL, RECEITA, DESPESA, ORÇAMENTO, UNIÃO FEDERAL.";"1969-11-27T00:00:00";"https://dadosabertos.camara.leg.br/api/v2/orgaos/180";"";"";"";"";"";"1970-06-19T00:00:00";"4";"";"4";"MESA";"https://dadosabertos.camara.leg.br/api/v2/orgaos/4";"Ordinária (Art. 151, III, RICD)";"Não Informado";"5";"Arquivada";"923";"ARQUIVADO NOS TERMOS DO ARTIGO 58 PARAGRAFO SEGUNDO DA CONSTITUIÇÃO FEDERAL E ARTIGOS 182 E 197 DO REGIMENTO INTERNO. DCN1 20 06 70 PAG 2581 COL 03.";""
"199527";"https://dadosabertos.camara.leg.br/api/v2/proposicoes/199527";"PL";"2080";"1969";"139";"Projeto de Lei";"DA NOVA REDAÇÃO AO PARAGRAFO SEGUNDO DO ARTIGO 26 DA LEI Nº 3.365, DE 21 DE JULHO DE 1941, QUE DISPÕE SOBRE DESAPROPRIAÇÃO POR UTILIDADE PUBLICA.";"";"ALTERAÇÃO, LEI FEDERAL, DESAPROPRIAÇÃO, UTILIDADE PUBLICA, INDENIZAÇÃO, UTILIZAÇÃO, CORREÇÃO MONETARIA.";"1969-11-27T00:00:00";"https://dadosabertos.camara.leg.br/api/v2/orgaos/180";"";"";"";"";"";"1971-04-01T00:00:00";"4";"";"4";"MESA";"https://dadosabertos.camara.leg.br/api/v2/orgaos/4";"Ordinária (Art. 151, III, RICD)";"Não Informado";"5";"Arquivada";"923";"ARQUIVADO NOS TERMOS DO ARTIGO 104 DO REGIMENTO INTERNO. DCN1 02 04 71 PAG 0042 COL 02.";""
"199538";"https://dadosabertos.camara.leg.br/api/v2/proposicoes/199538";"PL";"2081";"1969";"139";"Projeto de Lei";"DA NOVA REDAÇÃO AO ARTIGO 793 DA CONSOLIDAÇÃO DAS LEIS DO TRABALHO, E DA OUTRAS PROVIDENCIAS.";"";"ALTERAÇÃO, LEGISLAÇÃO TRABALHISTA, CONSOLIDAÇÃO DAS LEIS DO TRABALHO (CLT), REPRESENTAÇÃO, MENOR, JUSTIÇA DO TRABALHO.";"1969-11-27T00:00:00";"https://dadosabertos.camara.leg.br/api/v2/orgaos/180";"";"";"";"";"";"1971-04-01T00:00:00";"4";"";"4";"MESA";"https://dadosabertos.camara.leg.br/api/v2/orgaos/4";"Ordinária (Art. 151, III, RICD)";"Não Informado";"5";"Arquivada";"923";"ARQUIVADO NOS TERMOS DO ARTIGO 104 DO REGIMENTO INTERNO. DCN1 02 04 71 PAG 0042 COL 02.";""
"199549";"https://dadosabertos.camara.leg.br/api/v2/proposicoes/199549";"PL";"2082";"1969";"139";"Projeto de Lei";"DA A DENOMINAÇÃO DE RODOVIA MANOEL DA COSTA LIMA AOS TRECHOS DAS RODOVIAS BR-267, DE PORTO XV A RIO BRILHANTE E DA BR-165 - RIO BRILHANTE A CAMPO GRANDE.";"";"DENOMINAÇÃO, RODOVIA, TRECHO, MUNICIPIOS, CAMPO GRANDE.";"1969-11-27T00:00:00";"https://dadosabertos.camara.leg.br/api/v2/orgaos/180";"";"";"";"";"";"1970-10-14T00:00:00";"4";"";"4";"MESA";"https://dadosabertos.camara.leg.br/api/v2/orgaos/4";"Ordinária (Art. 151, III, RICD)";"Transformação em Norma Jurídica";"251";"Transformado em Norma Jurídica";"1140";"TRANSFORMADO NA LEI 5616/70. DOFC 15 10 70.";""
"199559";"https://dadosabertos.camara.leg.br/api/v2/proposicoes/199559";"PL";"2083";"1969";"139";"Projeto de Lei";"RETIFICA, SEM ONUS, A LEI Nº 5.546, DE 29 DE NOVEMBRO DE 1968, QUE ESTIMA A RECEITA E FIXA A DESPESA DA UNIÃO PARA O EXERCICIO FINANCEIRO DE 1969.";"";"ALTERAÇÃO, LEI FEDERAL, RECEITA, DESPESA, ORÇAMENTO, UNIÃO FEDERAL.";"1969-11-26T00:00:00";"https://dadosabertos.camara.leg.br/api/v2/orgaos/336";"";"";"";"";"";"1971-04-01T00:00:00";"3";"";"4";"MESA";"https://dadosabertos.camara.leg.br/api/v2/orgaos/4";"Ordinária (Art. 151, III, RICD)";"Não Informado";"5";"Arquivada";"923";"ARQUIVADO NOS TERMOS DO ARTIGO 104 DO REGIMENTO INTERNO. DCN1 02 04 71 PAG 0042 COL 02.";""
"199570";"https://dadosabertos.camara.leg.br/api/v2/proposicoes/199570";"PL";"2084";"1969";"139";"Projeto de Lei";"MODIFICA A LEI Nº 3.999, DE 15 DE DEZEMBRO DE 1961, QUE ALTERA O SALARIO-MINIMO DOS MEDICOS E CIRURGIÕES-DENTISTAS, PARA ESTABELECER SALARIO-MINIMO DO FARMACEUTICO.";"";"ALTERAÇÃO, LEI FEDERAL, SALARIO PROFISSIONAL, SALARIO MINIMO, MEDICO DENTISTA, FARMACEUTICO.";"1969-04-03T00:00:00";"https://dadosabertos.camara.leg.br/api/v2/orgaos/180";"";"";"";"";"";"1971-04-01T00:00:00";"4";"";"4";"MESA";"https://dadosabertos.camara.leg.br/api/v2/orgaos/4";"Ordinária (Art. 151, III, RICD)";"Não Informado";"5";"Arquivada";"923";"ARQUIVADO NOS TERMOS DO ARTIGO 104 DO REGIMENTO INTERNO. DCN1 02 04 71 PAG 0042 COL 02.";""
"199580";"https://dadosabertos.camara.leg.br/api/v2/proposicoes/199580";"PL";"2085";"1969";"139";"Projeto de Lei";"ESTENDE O SALARIO-FAMILIA CRIADO PELO ARTIGO SEGUNDO DA LEI Nº 5.559, DE 11 DE DEZEMBRO DE 1968, AOS HERDEIROS DE SEGURADO FALECIDO NO GOZO DA APOSENTADORIA POR INVALIDEZ.";"";"EXTENSÃO, SALARIO FAMILIA, AMPARO, LEI FEDERAL, BENEFICIO, HERDEIRO, SEGURADO, MORTE, GOZO, APOSENTADORIA POR INVALIDEZ.";"1969-11-27T00:00:00";"https://dadosabertos.camara.leg.br/api/v2/orgaos/180";"";"";"";"";"";"1975-03-07T00:00:00";"15";"";"4";"MESA";"https://dadosabertos.camara.leg.br/api/v2/orgaos/4";"Ordinária (Art. 151, III, RICD)";"Não Informado";"5";"Arquivada";"923";"ARQUIVADO NOS TERMOS DO ARTIGO 117 DO REGIMENTO INTERNO. DC1S 08 03 75 PAG 0001 COL 02.";""
"233596";"https://dadosabertos.camara.leg.br/api/v2/proposicoes/233596";"PLP";"63";"1969";"140";"Projeto de Lei Complementar";"COMPLEMENTA AO PARAGRAFO SEXTO DO ARTIGO 21, DA CONSTITUIÇÃO, DISCIPLINANDO A ISENÇÃO DO IMPOSTO TERRITORIAL RURAL DE AREA DE ATE 25 HECTARES, QUANDO A CULTIVE, SO OU COM SUA FAMILIA, O PROPRIETARIO QUE NÃO POSSUA OUTRO IMOVEL, E DA OUTRAS PROVIDENCIAS.";"";"COMPLEMENTAÇÃO, DISPOSITIVOS, CONSTITUIÇÃO FEDERAL, ISENÇÃO, IMPOSTO TERRITORIAL RURAL, PROPRIEDADE RURAL, AGRICULTOR, FAMILIA, PRODUTOR RURAL, IMOVEL RURAL.";"1969-11-07T00:00:00";"https://dadosabertos.camara.leg.br/api/v2/orgaos/180";"";"";"";"";"";"1971-04-01T00:00:00";"5";"";"";"";"";"Ordinária (Art. 151, III, RICD)";"Não Informado";"5";"";"";"ARQUIVADO NOS TERMOS DO ARTIGO 104 DO REGIMENTO INTERNO. DCN1 02 04 71 PAG 0045 COL 02.";""
"233603";"https://dadosabertos.camara.leg.br/api/v2/proposicoes/233603";"PLP";"64";"1969";"140";"Projeto de Lei Complementar";"LIMITA O LUCRO BRUTO DAS EMPRESAS INDUSTRIAIS QUE FABRICAM MEDICAMENTOS E DEMAIS PRODUTOS FARMACEUTICOS E DAS DROGARIAS E FARMACIAS, E DA OUTRAS PROVIDENCIAS.";"";"LIMITAÇÃO, LUCRO, EMPRESA INDUSTRIAL, FABRICAÇÃO, MEDICAMENTOS, PRODUTO FARMACEUTICO, DROGARIA, FARMACIA.";"1969-11-12T00:00:00";"https://dadosabertos.camara.leg.br/api/v2/orgaos/180";"";"";"";"";"";"1970-04-27T00:00:00";"8";"";"";"";"";"Ordinária (Art. 151, III, RICD)";"Não Informado";"5";"";"";"DESPACHO AO ARQUIVO (REJEITADO). DCN1 28 04 70 PAG 0830 COL 01 E 02.";""
"233610";"https://dadosabertos.camara.leg.br/api/v2/proposicoes/233610";"PLP";"65";"1969";"140";"Projeto de Lei Complementar";"CONCEDE ISENÇÃO DO IMPOSTO SOBRE CIRCULAÇÃO DE MERCADORIAS E DA OUTRAS PROVIDENCIAS.";"";"CONCESSÃO, ISENÇÃO, (ICM), SAIDA, EMBALAGEM, VASILHAME, SACARIA DE JUTA, MERCADORIA ESTRANGEIRA, IMPORTAÇÃO, EXTERIOR, FABRICAÇÃO, MAQUINA, EQUIPAMENTOS, BENS DE CAPITAL, CONSTRUÇÃO CIVIL, COOPERATIVA, PRODUTO QUIMICO, ADUBO, FERTILIZANTE, RAÇÃO, INSETICIDA, FUNGICIDA, FORMICIDA, HERBICIDA, MUDAS, SEMENTE, MAQUINA AGRICOLA, IMPLEMENTO AGRICOLA, TRATOR, UTILIZAÇÃO, PECUARIA, AGRICULTURA, AVICULTURA. AUTORIZAÇÃO, EMPRESA, DISCO SONORO, GRAVAÇÃO, ABATIMENTO, (ICM), VALOR, DIREITO AUTORAL, PAGAMENTO, AUTOR, ARTISTA, HERDEIRO. DISPENSA, PENALIDADE, INFRATOR, CONTRIBUINTE, (ICM), PERIODO, INFRAÇÃO, ENTRADA, SAIDA, BENS DE CAPITAL, MERCADORIA ESTRANGEIRA.";"1969-11-24T00:00:00";"https://dadosabertos.camara.leg.br/api/v2/orgaos/180";"";"";"";"";"";"1970-04-02T00:00:00";"13";"";"4";"MESA";"https://dadosabertos.camara.leg.br/api/v2/orgaos/4";"Ordinária (Art. 151, III, RICD)";"Não Informado";"5";"Transformado em Norma Jurídica";"1140";"OF 40/70, DO SF, PROTOCOLO 1037 ENCAMINHANDO AUTOGRAFOS.";""
"233618";"https://dadosabertos.camara.leg.br/api/v2/proposicoes/233618";"PLP";"66";"1969";"140";"Projeto de Lei Complementar";"DISCIPLINA A APOSENTADORIA DOS PROFESSORES AOS VINTE E CINCO ANOS DE SERVIÇO E DA OUTRAS PROVIDENCIAS.";"";"REGULAMENTAÇÃO, APOSENTADORIA ESPECIAL, PROFESSOR, TEMPO DE SERVIÇO.";"1969-11-27T00:00:00";"https://dadosabertos.camara.leg.br/api/v2/orgaos/180";"";"";"";"";"";"1970-08-07T00:00:00";"6";"";"";"";"";"Ordinária (Art. 151, III, RICD)";"Não Informado";"5";"";"";"LEITURA E PUBLICAÇÃO DO PARECER DA CCJ. PRONTO PARA A ORDEM DO DIA. PLP 66-A/69. DCN1 08 07 70 PAG 2957 COL 02.";""
"235962";"https://dadosabertos.camara.leg.br/api/v2/proposicoes/235962";"PRC";"83";"1969";"141";"Projeto de Resolução";"APROVA AS CONCLUSÕES DA COMISSÃO PARLAMENTAR DE INQUERITO DESTINADA A APURAR AS CAUSAS DA DECADENCIA FINANCEIRA E ADMINISTRATIVA DA COMPANHIA AÇOS ESPECIAIS ITABIRA - ACESITA.";"";"APROVAÇÃO, CONCLUSÃO, (CPI), APURAÇÃO, MOTIVO, DECADENCIA, NATUREZA FINANCEIRA, NATUREZA ADMINISTRATIVA, (ACESITA).";"1969-11-27T00:00:00";"https://dadosabertos.camara.leg.br/api/v2/orgaos/183";"";"";"";"";"";"1970-04-02T00:00:00";"3";"";"4";"MESA";"https://dadosabertos.camara.leg.br/api/v2/orgaos/4";"Ordinária (Art. 151, III, RICD)";"Transformação em Norma Jurídica";"251";"Transformado em Norma Jurídica";"1140";"TRANSFORMADO NA RESOLUÇÃO 85/70. DCN1 04 04 70.";""
"235973";"https://dadosabertos.camara.leg.br/api/v2/proposicoes/235973";"PRC";"84";"1969";"141";"Projeto de Resolução";"APROVA AS CONCLUSÕES DA COMISSÃO PARLAMENTAR DE INQUERITO DESTINADA A INVESTIGAR, ENTRE OUTRAS COISAS, A ESTRUTURAÇÃO ATUAL DO SISTEMA DE ENSINO SUPERIOR DO PAIS, ABRANGENDO UNIVERSIDADES FEDERAIS, ESTADUAIS, PARTICULARES, BEM COMO FACULDADES ISOLADAS.";"";"APROVAÇÃO, CONCLUSÃO, (CPI), INVESTIGAÇÃO, ESTRUTURAÇÃO, SISTEMA DE ENSINO, ENSINO SUPERIOR, ABRANGENCIA, UNIVERSIDADE FEDERAL, ESTADO, UNIVERSIDADE PARTICULAR, ESTABELECIMENTO ISOLADO.";"1969-11-28T00:00:00";"https://dadosabertos.camara.leg.br/api/v2/orgaos/183";"";"";"";"";"";"1970-08-12T00:00:00";"3";"";"4";"MESA";"https://dadosabertos.camara.leg.br/api/v2/orgaos/4";"Ordinária (Art. 151, III, RICD)";"Transformação em Norma Jurídica";"251";"Transformado em Norma Jurídica";"1140";"TRANSFORMADO NA RESOLUÇÃO 98/70. DCN1 14 08 70.";""
"454151";"https://dadosabertos.camara.leg.br/api/v2/proposicoes/454151";"PDC";"97";"1969";"135";"Projeto de Decreto Legislativo";"APROVA AS CONCESSÕES TARIFÁRIAS FEITAS PELO BRASIL NA SEXTA RODADA DE NEGOCIAÇÕES COMERCIAIS DO ACÔRDO GERAL SÔBRE TARIFAS ADUANEIRAS A COMÉRCIO, E DÁ OUTRAS PROVIDÊNCIAS.";"";"";"1969-11-19T00:00:00";"https://dadosabertos.camara.leg.br/api/v2/orgaos/180";"";"";"";"";"";"1971-04-01T00:00:00";"5";"";"4";"MESA";"https://dadosabertos.camara.leg.br/api/v2/orgaos/4";"Ordinária (Art. 151, III, RICD)";"Não Informado";"5";"Arquivada";"923";"ARQUIVADO NOS TERMOS DO ART. 58, PARÁGRAFO 2º DA CONSTITUIÇÃO FEDERAL E ARTS. 182 E 187 DO REGIMENTO INTERNO. DCN 02 04 71 PAG 48 COL 02";"http://www.camara.gov.br/proposicoesWeb/prop_mostrarintegra?codteor=709363"
